,Country,Happiness Rank,Happiness Score,Trust (Government Corruption)
0,Norway,1,7.53700017929077,0.315963834524155
1,Denmark,2,7.52199983596802,0.40077006816864
2,Iceland,3,7.50400018692017,0.153526559472084
3,Switzerland,4,7.49399995803833,0.367007285356522
4,Finland,5,7.4689998626709,0.38261154294014
